[{"@type":"mappingTemplate","id":"@1","name":"m_OSP_2","description":"m_OSP_2","bundleVersion":"0","templateId":"@3","deployTime":1715229833000,"hasParameters":false,"valid":true,"fixedConnection":true,"hasParametersDeployed":false,"fixedConnectionDeployed":true,"isSchemaValidationEnabled":false,"tasks":1,"mappingPreviewFileRecordId":"@2","documentType":"MAPPING","references":[{"@type":"reference","refObjectId":"@9WTSF9IWNEBdgwYbrHkxS1","refType":"connection"},{"@type":"reference","refObjectId":"@bUBW05XkpwrfBoFzoR5wqq","refType":"connection"}]}]